{"cameraMode":{"drawMode":0,"name":"Shaded","section":"Shading Mode"},"sceneLighting":true,"audioPlay":false,"sceneViewState":{"showFog":true,"showMaterialUpdate":false,"showSkybox":true,"showFlares":true,"showImageEffects":true,"showParticleSystems":true},"in2DMode":false,"pivot":{"x":6.989562511444092,"y":0.25738537311553957,"z":7.234562397003174},"rotation":{"x":0.2609364688396454,"y":0.007242695894092321,"z":-0.001953327562659979,"w":0.9653268456459045},"size":24.222679138183595,"orthographic":true}