{"cameraMode":{"drawMode":0,"name":"Shaded","section":"Shading Mode"},"sceneLighting":false,"audioPlay":false,"sceneViewState":{"showFog":true,"showMaterialUpdate":false,"showSkybox":true,"showFlares":true,"showImageEffects":true,"showParticleSystems":true},"in2DMode":false,"pivot":{"x":5.804962158203125,"y":2.059999942779541,"z":29.99652099609375},"rotation":{"x":0.03146865591406822,"y":0.040469538420438769,"z":-0.0012735640630126,"w":0.998684287071228},"size":8.573651313781739,"orthographic":true}