{"cameraMode":{"drawMode":0,"name":"Shaded","section":"Shading Mode"},"sceneLighting":false,"audioPlay":false,"sceneViewState":{"showFog":true,"showMaterialUpdate":false,"showSkybox":true,"showFlares":true,"showImageEffects":true,"showParticleSystems":true},"in2DMode":false,"pivot":{"x":-9.120615005493164,"y":0.31595975160598757,"z":-2.1606683731079102e-7},"rotation":{"x":0.03146865591406822,"y":0.040469538420438769,"z":-0.0012735640630126,"w":0.998684287071228},"size":1.4289418458938599,"orthographic":true}